epoch;accuracy;loss;val_accuracy;val_loss
0;0.3703399896621704;1.7457937002182007;0.3668000102043152;2.3446621894836426
0;0.37428000569343567;1.6983964443206787;0.262800008058548;3.1740942001342773
