epoch;accuracy;loss;val_accuracy;val_loss
0;0.36155998706817627;1.8155816793441772;0.3140999972820282;2.9484798908233643
